{
  "momentum_v1": {
    "trades": 7,
    "win_rate": 0.42857142857142855,
    "avg_pnl": 0.014096424524454181,
    "sharpe": 2.6969810274846147,
    "max_dd": 0.12101076860465745,
    "total_return": 0.07790928696121235
  },
  "mean_reversion_v1": {
    "trades": 10,
    "win_rate": 0.6,
    "avg_pnl": 0.014486297818794666,
    "sharpe": 3.838075415042354,
    "max_dd": 0.12101076860465745,
    "total_return": 0.13474781513671763
  },
  "volatility_v1": {
    "trades": 4,
    "win_rate": 0.5,
    "avg_pnl": 0.05342612434702655,
    "sharpe": 7.275584832269082,
    "max_dd": 0.12101076860465745,
    "total_return": 0.20154963969565376
  },
  "breakout_v1": {
    "trades": 9,
    "win_rate": 0.3333333333333333,
    "avg_pnl": 0.014468582810852677,
    "sharpe": 3.1687793153477837,
    "max_dd": 0.09613965633765803,
    "total_return": 0.11321106999791386
  },
  "regime_aware_v1": {
    "trades": 7,
    "win_rate": 0.42857142857142855,
    "avg_pnl": 0.014096424524454181,
    "sharpe": 2.6969810274846147,
    "max_dd": 0.12101076860465745,
    "total_return": 0.07790928696121235
  },
  "trend_follower_v1": {
    "trades": 4,
    "win_rate": 0.25,
    "avg_pnl": 0.007733985055449477,
    "sharpe": 1.0698634137246987,
    "max_dd": 0.16507532416282283,
    "total_return": 0.006846099036759812
  }
}