{
  "SOLUSD": {
    "fitness": -566.1259043495717,
    "trades": 7,
    "pnl": -0.8155281182130694,
    "sharpe": -19.081082148939576,
    "win_rate": 0.5714285714285714,
    "max_drawdown": 0.026659587270682208
  }
}