{
  "SOLUSD": {
    "fitness": 55.45628436763566,
    "trades": 1,
    "pnl": 0.4006284367635658,
    "sharpe": 0,
    "win_rate": 1.0,
    "max_drawdown": 0
  }
}