{
  "strategy": "regime_ensemble_v2",
  "config": {
    "timeframes": [
      60,
      240,
      1440
    ],
    "strategies": [
      "trend_ema",
      "volatility_bb",
      "mean_reversion_rsi"
    ]
  },
  "backtest": {
    "trades": 13,
    "win_rate": 0.6923076923076923,
    "avg_pnl": 0.001836168798989027,
    "max_dd": 0.03124173773816185,
    "sharpe": 2.0981407369780354,
    "total_return": 0.023097932603221016,
    "equity_curve": [
      10061.091118405991,
      10020.186215500258,
      10196.75674077149,
      10040.205549431237,
      10115.400280354637,
      10158.65806465311,
      10325.430492550717,
      10248.193020362345,
      10002.846101068828,
      10230.97932603221
    ]
  },
  "timestamp": "2026-02-04T20:00:43.458559"
}