{
  "strategy": "regime_ensemble_v2",
  "config": {
    "timeframes": [
      60,
      240,
      1440
    ],
    "strategies": [
      "trend_ema",
      "volatility_bb",
      "mean_reversion_rsi"
    ]
  },
  "backtest": {
    "trades": 10,
    "win_rate": 0.6,
    "avg_pnl": 0.0021023509495147726,
    "max_dd": 0.031241737738161822,
    "sharpe": 2.1033566723679247,
    "total_return": 0.020192388832159347,
    "equity_curve": [
      10029.972951239126,
      10075.421499005104,
      10034.458333747893,
      10211.28035488572,
      10054.50618194946,
      10129.808015482358,
      10296.10681854541,
      10219.0886966744,
      9974.438549596314,
      10201.923888321593
    ]
  },
  "timestamp": "2026-02-04T19:56:49.450293"
}